date,1. open,2. high,3. low,4. close,5. volume,price_change,daily_return,symbol
18/11/2025,269.99,270.71,265.32,267.44,45677278,-2.55,-0.94,AAPL
19/11/2025,265.52,272.21,265.5,268.56,40424492,3.04,1.14,AAPL
20/11/2025,270.83,275.43,265.92,266.25,45823568,-4.58,-1.69,AAPL
21/11/2025,265.95,273.33,265.67,271.49,59030832,5.54,2.08,AAPL
24/11/2025,270.9,277,270.9,275.92,65585796,5.02,1.85,AAPL
25/11/2025,275.27,280.38,275.25,276.97,46914220,1.7,0.62,AAPL
26/11/2025,276.96,279.53,276.63,277.55,33431423,0.59,0.21,AAPL
28/11/2025,277.26,279,275.99,278.85,20135620,1.59,0.57,AAPL
01/12/2025,278.01,283.42,276.14,283.1,46587722,5.09,1.83,AAPL
02/12/2025,283,287.4,282.63,286.19,53669532,3.19,1.13,AAPL
03/12/2025,286.2,288.62,283.3,284.15,43538687,-2.05,-0.72,AAPL
04/12/2025,284.1,284.73,278.59,280.7,43989056,-3.4,-1.2,AAPL
05/12/2025,280.54,281.14,278.05,278.78,47265845,-1.76,-0.63,AAPL
08/12/2025,278.13,279.67,276.15,277.89,36406317,-0.24,-0.09,AAPL
09/12/2025,278.16,280.03,276.92,277.18,31753410,-0.98,-0.35,AAPL
10/12/2025,277.75,279.75,276.44,278.78,33038318,1.03,0.37,AAPL
11/12/2025,279.1,279.59,273.81,278.03,33247986,-1.07,-0.38,AAPL
12/12/2025,277.9,279.22,276.82,278.28,39532887,0.38,0.14,AAPL
15/12/2025,280.15,280.15,272.84,274.11,50409078,-6.04,-2.16,AAPL
16/12/2025,272.82,275.5,271.79,274.61,37648628,1.79,0.66,AAPL
17/12/2025,275.01,276.16,271.64,271.84,50138743,-3.17,-1.15,AAPL
18/12/2025,273.6,273.63,266.95,272.19,51630721,-1.41,-0.52,AAPL
19/12/2025,272.14,274.6,269.9,273.67,144632048,1.53,0.56,AAPL
22/12/2025,272.86,273.88,270.5,270.97,36571827,-1.89,-0.69,AAPL
23/12/2025,270.84,272.5,269.56,272.36,29641999,1.52,0.56,AAPL
24/12/2025,272.34,275.43,272.2,273.81,17910574,1.47,0.54,AAPL
26/12/2025,274.16,275.37,272.86,273.4,21521802,-0.76,-0.28,AAPL
29/12/2025,272.69,274.36,272.35,273.76,23715213,1.07,0.39,AAPL
30/12/2025,272.81,274.08,272.28,273.08,22139617,0.27,0.1,AAPL
31/12/2025,273.06,273.68,271.75,271.86,27293639,-1.2,-0.44,AAPL
02/01/2026,272.26,277.84,269,271.01,37838054,-1.25,-0.46,AAPL
05/01/2026,270.64,271.51,266.14,267.26,45647190,-3.38,-1.25,AAPL
06/01/2026,267,267.55,262.12,262.36,52352090,-4.64,-1.74,AAPL
07/01/2026,263.2,263.68,259.81,260.33,48309804,-2.87,-1.09,AAPL
08/01/2026,257.02,259.29,255.7,259.04,50419337,2.02,0.79,AAPL
09/01/2026,259.08,260.21,256.22,259.37,39996967,0.29,0.11,AAPL
12/01/2026,259.16,261.3,256.8,260.25,45263767,1.09,0.42,AAPL
13/01/2026,258.72,261.81,258.39,261.05,45730847,2.33,0.9,AAPL
14/01/2026,259.49,261.82,256.71,259.96,40019421,0.47,0.18,AAPL
15/01/2026,260.65,261.04,257.05,258.21,39388564,-2.44,-0.94,AAPL
16/01/2026,257.9,258.9,254.93,255.53,72142773,-2.37,-0.92,AAPL
20/01/2026,252.73,254.79,243.42,246.7,77280987,-6.03,-2.39,AAPL
21/01/2026,248.7,251.56,245.18,247.65,54641725,-1.05,-0.42,AAPL
22/01/2026,249.2,251,248.15,248.35,39708340,-0.85,-0.34,AAPL
23/01/2026,247.32,249.41,244.68,248.04,41688982,0.72,0.29,AAPL
26/01/2026,251.48,256.56,249.8,255.41,55969234,3.93,1.56,AAPL
27/01/2026,259.17,261.95,258.21,258.27,48787855,-0.9,-0.35,AAPL
28/01/2026,257.65,258.86,254.51,256.44,41287971,-1.21,-0.47,AAPL
29/01/2026,258,259.65,254.41,258.28,67253009,0.28,0.11,AAPL
30/01/2026,255.16,261.9,252.18,259.48,92443408,4.32,1.69,AAPL
02/02/2026,260.03,270.49,259.2,270.01,73913425,9.98,3.84,AAPL
03/02/2026,269.2,271.88,267.61,269.48,63799388,0.28,0.1,AAPL
04/02/2026,272.29,278.95,272.29,276.49,90545710,4.2,1.54,AAPL
05/02/2026,278.13,279.5,273.23,275.91,52977441,-2.22,-0.8,AAPL
06/02/2026,277.12,280.9,276.92,278.12,50453414,1,0.36,AAPL
09/02/2026,277.9,278.2,271.7,274.62,44623396,-3.28,-1.18,AAPL
10/02/2026,274.88,275.37,272.94,273.68,34376898,-1.2,-0.44,AAPL
11/02/2026,274.7,280.18,274.45,275.5,51931283,0.8,0.29,AAPL
12/02/2026,275.59,275.72,260.18,261.73,81077229,-13.86,-5.03,AAPL
13/02/2026,262.01,262.23,255.45,255.78,56290673,-6.23,-2.38,AAPL
17/02/2026,258.05,266.29,255.54,263.88,58469094,5.83,2.26,AAPL
18/02/2026,263.6,266.82,262.45,264.35,34203337,0.75,0.28,AAPL
19/02/2026,262.6,264.48,260.05,260.58,30845294,-2.02,-0.77,AAPL
20/02/2026,258.97,264.75,258.16,264.58,42070499,5.61,2.17,AAPL
23/02/2026,263.49,269.43,263.38,266.18,37308155,2.69,1.02,AAPL
24/02/2026,267.86,274.89,267.71,272.14,47014619,4.28,1.6,AAPL
25/02/2026,271.78,274.94,271.05,274.23,33714342,2.45,0.9,AAPL
26/02/2026,274.94,276.11,270.8,272.95,32345114,-1.99,-0.72,AAPL
27/02/2026,272.81,272.81,262.89,264.18,72366505,-8.63,-3.16,AAPL
02/03/2026,262.41,266.53,260.2,264.72,41827946,2.31,0.88,AAPL
03/03/2026,263.48,265.56,260.13,263.75,38568921,0.27,0.1,AAPL
04/03/2026,264.65,266.15,261.42,262.52,39803119,-2.13,-0.8,AAPL
05/03/2026,260.79,261.56,257.25,260.29,49658626,-0.5,-0.19,AAPL
06/03/2026,258.63,258.77,254.37,257.46,41120042,-1.17,-0.45,AAPL
09/03/2026,255.69,261.15,253.68,259.88,38218533,4.19,1.64,AAPL
10/03/2026,257.64,262.48,256.95,260.83,30590765,3.19,1.24,AAPL
11/03/2026,261.09,262.13,259.55,260.81,26218927,-0.28,-0.11,AAPL
12/03/2026,258.66,258.95,254.18,255.76,40794020,-2.9,-1.12,AAPL
13/03/2026,255.48,256.33,249.52,250.12,36929988,-5.36,-2.1,AAPL
16/03/2026,252.1,253.88,249.88,252.82,32074209,0.72,0.29,AAPL
17/03/2026,252.96,255.13,252.18,254.23,32361607,1.27,0.5,AAPL
18/03/2026,252.62,254.94,249,249.94,35757874,-2.68,-1.06,AAPL
19/03/2026,249.4,251.83,247.3,248.96,34864082,-0.44,-0.18,AAPL
20/03/2026,247.98,249.2,246,247.99,88331081,0.01,0,AAPL
23/03/2026,253.97,254.6,250.28,251.49,40546109,-2.48,-0.98,AAPL
24/03/2026,250.35,254.82,249.55,251.64,45152288,1.29,0.52,AAPL
25/03/2026,254.1,255,251.6,252.62,28476668,-1.48,-0.58,AAPL
26/03/2026,252.12,257,250.77,252.89,41796650,0.77,0.31,AAPL
27/03/2026,253.9,255.49,248.07,248.8,47899998,-5.1,-2.01,AAPL
30/03/2026,250.07,250.87,245.51,246.63,39446213,-3.44,-1.38,AAPL
31/03/2026,247.91,255.48,247.1,253.79,49598091,5.88,2.37,AAPL
01/04/2026,254.08,256.18,253.33,255.63,40059432,1.55,0.61,AAPL
02/04/2026,254.2,256.13,250.65,255.92,31289369,1.72,0.68,AAPL
06/04/2026,256.51,262.16,256.46,258.86,29329911,2.35,0.92,AAPL
07/04/2026,256.15,256.2,245.7,253.5,62148008,-2.65,-1.03,AAPL
08/04/2026,258.45,259.75,256.53,258.9,41032772,0.45,0.17,AAPL
09/04/2026,259,261.12,256.07,260.49,28121574,1.49,0.58,AAPL
10/04/2026,259.98,262.19,259.02,260.48,31291473,0.5,0.19,AAPL
13/04/2026,259.73,260.18,256.66,259.2,36234698,-0.53,-0.2,AAPL
14/04/2026,259.24,261.93,257.19,258.83,48370710,-0.41,-0.16,AAPL
15/04/2026,258.16,266.56,257.81,266.43,49913510,8.27,3.2,AAPL
16/04/2026,266.8,267.16,261.27,263.4,43323112,-3.4,-1.27,AAPL
17/04/2026,266.96,272.3,266.72,270.23,61436228,3.27,1.22,AAPL
20/04/2026,270.33,274.27,270.29,273.05,36590169,2.72,1.01,AAPL
21/04/2026,271.5,272.8,265.4,266.17,50209755,-5.33,-1.96,AAPL
22/04/2026,267.82,273.74,266.87,273.17,43249204,5.35,2,AAPL
23/04/2026,275.04,275.77,271.65,273.43,33399639,-1.61,-0.59,AAPL
24/04/2026,272.76,273.06,269.65,271.06,38157110,-1.7,-0.62,AAPL
25/11/2025,226.38,230.52,223.8,229.67,39379339,3.29,1.45,AMZN
26/11/2025,230.74,231.75,228.77,229.16,38497922,-1.58,-0.68,AMZN
28/11/2025,231.24,233.28,230.22,233.22,20292329,1.98,0.86,AMZN
01/12/2025,233.22,235.8,232.25,233.88,42903954,0.66,0.28,AMZN
02/12/2025,235,238.97,233.55,234.42,45785363,-0.58,-0.25,AMZN
03/12/2025,233.35,233.38,230.61,232.38,35495058,-0.97,-0.42,AMZN
04/12/2025,232.77,233.5,226.8,229.11,45683224,-3.66,-1.57,AMZN
05/12/2025,230.32,231.24,228.55,229.53,33117377,-0.79,-0.34,AMZN
08/12/2025,229.59,230.83,226.27,226.89,34681553,-2.7,-1.18,AMZN
09/12/2025,226.84,228.57,225.11,227.92,25712299,1.08,0.48,AMZN
10/12/2025,228.8,232.42,228.46,231.78,38790736,2.98,1.3,AMZN
11/12/2025,230.71,232.11,228.69,230.28,28249599,-0.43,-0.19,AMZN
12/12/2025,229.87,230.08,225.12,226.19,35639118,-3.68,-1.6,AMZN
15/12/2025,227.93,227.93,221.5,222.54,47286085,-5.39,-2.36,AMZN
16/12/2025,223.04,223.66,221.13,222.56,39298857,-0.48,-0.22,AMZN
17/12/2025,224.66,225.19,220.99,221.27,44034418,-3.39,-1.51,AMZN
18/12/2025,225.7,229.22,224.41,226.76,50272419,1.06,0.47,AMZN
19/12/2025,226.76,229.12,225.58,227.35,85544374,0.59,0.26,AMZN
22/12/2025,228.61,229.48,226.71,228.43,32261329,-0.18,-0.08,AMZN
23/12/2025,229.06,232.44,228.73,232.14,29230233,3.08,1.34,AMZN
24/12/2025,232.13,232.95,231.33,232.38,11420543,0.25,0.11,AMZN
26/12/2025,232.04,232.99,231.18,232.52,15994726,0.48,0.21,AMZN
29/12/2025,231.94,232.6,230.77,232.07,19797909,0.13,0.06,AMZN
30/12/2025,231.2,232.77,230.2,232.53,21910453,1.33,0.58,AMZN
31/12/2025,232.9,232.99,230.12,230.82,24383749,-2.08,-0.89,AMZN
02/01/2026,231.34,235.46,224.7,226.5,51456229,-4.84,-2.09,AMZN
05/01/2026,228.84,234,227.18,233.06,49733348,4.22,1.84,AMZN
06/01/2026,232.1,243.18,232.07,240.93,53764677,8.83,3.8,AMZN
07/01/2026,239.61,245.29,239.52,241.56,42236531,1.95,0.81,AMZN
08/01/2026,243.06,246.41,241.88,246.29,39509844,3.23,1.33,AMZN
09/01/2026,244.57,247.86,242.24,247.38,34559961,2.81,1.15,AMZN
12/01/2026,246.73,248.94,245.96,246.47,35867770,-0.26,-0.11,AMZN
13/01/2026,246.53,247.66,240.25,242.6,38371778,-3.93,-1.59,AMZN
14/01/2026,241.15,241.28,236.22,236.65,41410578,-4.5,-1.87,AMZN
15/01/2026,239.31,240.65,236.63,238.18,43003571,-1.13,-0.47,AMZN
16/01/2026,239.08,239.57,236.41,239.12,45888283,0.04,0.02,AMZN
20/01/2026,233.76,235.09,229.34,231,46959464,-2.76,-1.18,AMZN
21/01/2026,231.08,232.3,226.88,231.31,47276090,0.23,0.1,AMZN
22/01/2026,234.05,235.72,230.9,234.34,31913325,0.29,0.12,AMZN
23/01/2026,234.96,240.45,234.57,239.16,33778478,4.2,1.79,AMZN
26/01/2026,239.98,240.95,237.54,238.42,32825530,-1.56,-0.65,AMZN
27/01/2026,239.68,244.88,238.08,244.68,37815946,5,2.09,AMZN
28/01/2026,246.36,247.78,241.53,243.01,40882657,-3.35,-1.36,AMZN
29/01/2026,242.82,243,236.74,241.73,47229643,-1.09,-0.45,AMZN
30/01/2026,239.89,243.32,237.64,239.3,46585024,-0.59,-0.25,AMZN
02/02/2026,238.31,245.63,238.17,242.96,37546102,4.65,1.95,AMZN
03/02/2026,244.98,246.35,235.45,238.62,50478573,-6.36,-2.6,AMZN
04/02/2026,238.86,238.86,231.82,232.99,51299947,-5.87,-2.46,AMZN
05/02/2026,224.91,226.31,220.38,222.69,103509230,-2.22,-0.99,AMZN
06/02/2026,202.7,211.44,200.31,210.32,179210851,7.62,3.76,AMZN
09/02/2026,208.97,212.81,203.35,208.72,91178443,-0.25,-0.12,AMZN
10/02/2026,208.8,212.65,206.41,206.96,67175031,-1.84,-0.88,AMZN
11/02/2026,208.06,208.57,202.49,204.08,65545455,-3.98,-1.91,AMZN
12/02/2026,203.96,203.96,197.56,199.6,83975393,-4.36,-2.14,AMZN
13/02/2026,198.88,201.16,197.28,198.79,66321593,-0.09,-0.05,AMZN
17/02/2026,198.12,201.74,196,201.15,69879200,3.03,1.53,AMZN
18/02/2026,202.07,206.86,201.51,204.79,51003299,2.72,1.35,AMZN
19/02/2026,203.8,205.64,202.81,204.86,35669611,1.06,0.52,AMZN
20/02/2026,204.76,211.17,203.75,210.11,65881611,5.35,2.61,AMZN
23/02/2026,208.1,208.43,203.11,205.27,53581508,-2.83,-1.36,AMZN
24/02/2026,205.47,210.36,203.25,208.56,41137162,3.09,1.5,AMZN
25/02/2026,210.46,211.59,208.93,210.64,41346376,0.18,0.09,AMZN
26/02/2026,210.73,211.05,205.34,207.92,47756765,-2.81,-1.33,AMZN
27/02/2026,206.83,210.33,205.2,210,57422777,3.17,1.53,AMZN
02/03/2026,204.55,209.73,203.46,208.39,46001010,3.84,1.88,AMZN
03/03/2026,203.1,209.18,202.48,208.73,43184918,5.63,2.77,AMZN
04/03/2026,210.47,217.54,210.15,216.82,54731101,6.35,3.02,AMZN
05/03/2026,215.98,220.47,215.59,218.94,60943447,2.96,1.37,AMZN
06/03/2026,214.99,217.32,212.53,213.21,51152716,-1.78,-0.83,AMZN
09/03/2026,210.45,213.82,207.11,213.49,54642926,3.04,1.44,AMZN
10/03/2026,214.19,215.65,212.43,214.33,35678834,0.14,0.07,AMZN
11/03/2026,215.7,217,211.35,212.65,34199303,-3.05,-1.41,AMZN
12/03/2026,210.39,211.71,208.15,209.53,44349501,-0.86,-0.41,AMZN
13/03/2026,209.6,210.56,206.22,207.67,35662137,-1.93,-0.92,AMZN
16/03/2026,208.35,212.72,207.44,211.74,42209316,3.39,1.63,AMZN
17/03/2026,212.82,215.7,212.43,215.2,44969943,2.38,1.12,AMZN
18/03/2026,213.92,215.14,208.82,209.87,37846642,-4.05,-1.89,AMZN
19/03/2026,207.06,209.12,206.05,208.76,36440622,1.7,0.82,AMZN
20/03/2026,207.4,207.54,204.32,205.37,63694603,-2.03,-0.98,AMZN
23/03/2026,209.79,212.8,209.51,210.14,44277356,0.35,0.17,AMZN
24/03/2026,207.95,209.35,206.64,207.24,35351425,-0.71,-0.34,AMZN
25/03/2026,211.56,213.07,209.9,211.71,36388791,0.15,0.07,AMZN
26/03/2026,210.61,212.88,207.12,207.54,46745978,-3.07,-1.46,AMZN
27/03/2026,206.46,206.6,199.14,199.34,56009763,-7.12,-3.45,AMZN
30/03/2026,201.48,203.8,199.98,200.95,46373797,-0.53,-0.26,AMZN
31/03/2026,204.84,210.28,204.14,208.27,58470078,3.43,1.67,AMZN
01/04/2026,210.44,213.58,208.19,210.57,45955395,0.13,0.06,AMZN
02/04/2026,206.54,212.21,204.9,209.77,31453039,3.23,1.56,AMZN
06/04/2026,209.8,212.95,209.59,212.79,25385495,2.99,1.43,AMZN
07/04/2026,211.24,213.97,209.08,213.77,28154557,2.53,1.2,AMZN
08/04/2026,223.79,226.1,219.62,221.25,51092698,-2.54,-1.13,AMZN
09/04/2026,225.23,233.8,223.27,233.65,65964171,8.42,3.74,AMZN
10/04/2026,235.3,240.43,235.21,238.38,56912842,3.08,1.31,AMZN
13/04/2026,237.45,240,235.75,239.89,42166150,2.44,1.03,AMZN
14/04/2026,241.78,252.18,241.78,249.02,72685026,7.24,2.99,AMZN
15/04/2026,249.25,250.44,247.2,248.5,43045160,-0.75,-0.3,AMZN
16/04/2026,248.51,250,244.2,249.7,41895711,1.19,0.48,AMZN
17/04/2026,254.98,256.18,250.11,250.56,52029291,-4.42,-1.73,AMZN
20/04/2026,249.19,250.18,245.36,248.28,39463106,-0.91,-0.37,AMZN
21/04/2026,255.09,255.09,249.1,249.91,42922398,-5.18,-2.03,AMZN
25/11/2025,326.21,328.83,317.65,323.44,88632074,-2.77,-0.85,GOOGL
26/11/2025,320.68,324.5,316.79,319.95,51373361,-0.73,-0.23,GOOGL
28/11/2025,323.36,326.85,316.79,320.18,26018568,-3.18,-0.98,GOOGL
01/12/2025,317.7,319.85,313.89,314.89,41182956,-2.81,-0.88,GOOGL
02/12/2025,316.74,318.38,313.91,315.81,35854744,-0.93,-0.29,GOOGL
03/12/2025,315.89,321.58,314.1,319.63,41838317,3.74,1.18,GOOGL
04/12/2025,322.23,322.36,314.7,317.62,31240924,-4.61,-1.43,GOOGL
05/12/2025,319.49,323.16,319.17,321.27,28851705,1.78,0.56,GOOGL
08/12/2025,320.05,320.44,311.22,313.72,33403895,-6.33,-1.98,GOOGL
09/12/2025,312.37,317.99,311.9,317.08,30089731,4.71,1.51,GOOGL
10/12/2025,315.83,321.31,314.68,320.21,33428923,4.38,1.39,GOOGL
11/12/2025,320.08,321.12,308.6,312.43,42353697,-7.65,-2.39,GOOGL
12/12/2025,313.7,314.87,305.56,309.29,35940170,-4.41,-1.41,GOOGL
15/12/2025,311.32,311.42,304.88,308.22,29151889,-3.1,-1,GOOGL
16/12/2025,304.94,310.77,302.59,306.57,30585020,1.63,0.53,GOOGL
17/12/2025,308.01,308.09,296.12,296.72,43930358,-11.29,-3.67,GOOGL
18/12/2025,301.72,303.96,299.23,302.46,33518048,0.74,0.25,GOOGL
19/12/2025,301.73,307.25,300.97,307.16,59943239,5.43,1.8,GOOGL
22/12/2025,309.88,310.13,305.3,309.78,26429937,-0.1,-0.03,GOOGL
23/12/2025,309.62,314.94,309.32,314.35,25478670,4.73,1.53,GOOGL
24/12/2025,314.77,315.08,311.92,314.09,10097361,-0.68,-0.22,GOOGL
26/12/2025,314.48,315.08,312.27,313.51,10899017,-0.97,-0.31,GOOGL
29/12/2025,311.36,314.02,310.62,313.56,19621777,2.2,0.71,GOOGL
30/12/2025,312.5,316.95,312.46,313.85,17380888,1.35,0.43,GOOGL
31/12/2025,312.85,314.58,311.44,313,16377689,0.15,0.05,GOOGL
02/01/2026,316.9,322.5,310.33,315.15,32009385,-1.75,-0.55,GOOGL
05/01/2026,317.65,319.02,314.63,316.54,30195597,-1.11,-0.35,GOOGL
06/01/2026,316.4,320.94,311.78,314.34,31212101,-2.06,-0.65,GOOGL
07/01/2026,314.36,326.15,314.19,321.98,35104425,7.62,2.42,GOOGL
08/01/2026,328.96,330.32,321.5,325.44,31896101,-3.52,-1.07,GOOGL
09/01/2026,327.09,330.83,325.8,328.57,26214166,1.48,0.45,GOOGL
12/01/2026,325.8,334.04,325,331.86,33923928,6.06,1.86,GOOGL
13/01/2026,334.95,340.49,333.62,335.97,33517607,1.02,0.3,GOOGL
14/01/2026,335.06,336.52,330.48,335.84,28525571,0.78,0.23,GOOGL
15/01/2026,337.65,337.69,330.74,332.78,28442406,-4.87,-1.44,GOOGL
16/01/2026,334.41,334.65,327.7,330,40341637,-4.41,-1.32,GOOGL
20/01/2026,320.87,327.73,320.43,322,34808916,1.13,0.35,GOOGL
21/01/2026,320.92,332.48,319.35,328.38,35386603,7.46,2.32,GOOGL
22/01/2026,334.45,335.15,328.75,330.54,26253640,-3.91,-1.17,GOOGL
23/01/2026,332.48,333.69,327.45,327.93,27279974,-4.55,-1.37,GOOGL
26/01/2026,327.8,335.84,327,333.26,26042120,5.46,1.67,GOOGL
27/01/2026,335.36,337.91,333.48,334.55,19722250,-0.81,-0.24,GOOGL
28/01/2026,336.06,337.54,331.94,336.01,27434434,-0.05,-0.01,GOOGL
29/01/2026,340.3,342.29,326.54,338.25,39785612,-2.05,-0.6,GOOGL
30/01/2026,340,340,332.28,338,31023954,-2,-0.59,GOOGL
02/02/2026,336.22,344.83,335.63,343.69,32006052,7.47,2.22,GOOGL
03/02/2026,347.34,349,337.47,339.71,35930599,-7.63,-2.2,GOOGL
04/02/2026,342.96,343.31,328.52,333.04,70618398,-9.92,-2.89,GOOGL
05/02/2026,312.22,332.69,306.46,331.25,88205849,19.03,6.1,GOOGL
06/02/2026,327.18,330.38,319.92,322.86,56380484,-4.32,-1.32,GOOGL
09/02/2026,320.93,327.7,317.26,324.32,39640055,3.39,1.06,GOOGL
10/02/2026,320.97,321.67,314.61,318.58,39170012,-2.39,-0.74,GOOGL
11/02/2026,318.97,321.06,309.66,310.96,45406405,-8.01,-2.51,GOOGL
12/02/2026,312.09,316.24,307.2,309,47761288,-3.09,-0.99,GOOGL
13/02/2026,307.73,308.63,303.71,305.72,38499701,-2.01,-0.65,GOOGL
17/02/2026,300.04,304.44,296.25,302.02,39247556,1.98,0.66,GOOGL
18/02/2026,302.09,305.38,301.25,303.33,28482075,1.24,0.41,GOOGL
19/02/2026,301.82,305.47,300.04,302.85,25834395,1.03,0.34,GOOGL
20/02/2026,304.32,316.5,303.9,314.98,53210820,10.66,3.5,GOOGL
23/02/2026,319.04,319.52,309.86,311.49,31422974,-7.55,-2.37,GOOGL
24/02/2026,310.52,312.27,305.93,310.9,25615646,0.38,0.12,GOOGL
25/02/2026,312.06,313.64,309.44,312.9,29963621,0.84,0.27,GOOGL
26/02/2026,312.64,313.14,302.35,307.38,36431231,-5.26,-1.68,GOOGL
27/02/2026,304.14,312.37,303.8,311.76,44640640,7.62,2.51,GOOGL
02/03/2026,303.23,308.49,301.3,306.52,34790203,3.29,1.08,GOOGL
03/03/2026,298.59,303.94,296.71,303.58,35496961,4.99,1.67,GOOGL
04/03/2026,302.89,305.47,300.75,303.13,29536190,0.24,0.08,GOOGL
05/03/2026,303.04,303.3,297.99,300.88,35752321,-2.16,-0.71,GOOGL
06/03/2026,296.09,300.53,295.18,298.52,25576916,2.43,0.82,GOOGL
09/03/2026,294.36,306.8,294.08,306.36,29312149,12,4.08,GOOGL
10/03/2026,306.17,309.51,305.57,307.04,23239684,0.87,0.28,GOOGL
11/03/2026,306.75,311.42,305.92,308.7,24125714,1.95,0.64,GOOGL
12/03/2026,306.82,308.94,301.03,303.55,24928347,-3.27,-1.07,GOOGL
13/03/2026,307.01,307.69,300.44,302.28,23693092,-4.73,-1.54,GOOGL
16/03/2026,304.35,306.49,303.02,305.56,23519709,1.21,0.4,GOOGL
17/03/2026,305.86,311.42,305.5,310.92,21955171,5.06,1.65,GOOGL
18/03/2026,309.27,312.47,306.93,307.69,20009815,-1.58,-0.51,GOOGL
19/03/2026,304,308.06,302.35,307.13,25075831,3.13,1.03,GOOGL
20/03/2026,305.46,306,298.27,301,44364079,-4.46,-1.46,GOOGL
23/03/2026,302.11,305.98,300.93,302.06,29326946,-0.05,-0.02,GOOGL
24/03/2026,299.2,299.92,290.33,290.44,36864278,-8.76,-2.93,GOOGL
25/03/2026,293.44,296,289.24,290.93,29460669,-2.51,-0.86,GOOGL
26/03/2026,287.91,287.95,278.5,280.92,39080578,-6.99,-2.43,GOOGL
27/03/2026,277.27,279.37,273.95,274.34,35890612,-2.93,-1.06,GOOGL
30/03/2026,276.42,277.09,272.11,273.5,35141244,-2.92,-1.06,GOOGL
31/03/2026,278.04,288.08,277.09,287.56,43875400,9.52,3.42,GOOGL
01/04/2026,290.83,300.52,290.41,297.39,37684462,6.56,2.26,GOOGL
02/04/2026,290.69,298.08,289.45,295.77,21666465,5.08,1.75,GOOGL
06/04/2026,295.87,300.62,295.18,299.99,16945494,4.12,1.39,GOOGL
07/04/2026,302.73,305.63,297.72,305.46,23205361,2.73,0.9,GOOGL
08/04/2026,320.44,322.08,315.02,317.32,33547140,-3.12,-0.97,GOOGL
09/04/2026,315.9,319.54,311.06,318.49,23739173,2.59,0.82,GOOGL
10/04/2026,320.02,321.83,316.32,317.24,19152630,-2.78,-0.87,GOOGL
13/04/2026,317.14,321.63,315.47,321.31,18866424,4.17,1.31,GOOGL
14/04/2026,324.79,333.29,323.75,332.91,27721351,8.12,2.5,GOOGL
15/04/2026,332.89,337.48,330.9,337.12,24918842,4.23,1.27,GOOGL
16/04/2026,338.75,339.88,334.52,336.02,20541487,-2.73,-0.81,GOOGL
17/04/2026,337.65,342.32,336.24,341.68,25581881,4.03,1.19,GOOGL
20/04/2026,340.76,341.4,336.61,337.42,18784226,-3.34,-0.98,GOOGL
21/04/2026,337.68,339.34,331.35,332.29,23123795,-5.39,-1.6,GOOGL
25/11/2025,624,637.04,618.3,636.22,25212978,12.22,1.96,META
26/11/2025,637.69,638.36,631.63,633.61,15209481,-4.08,-0.64,META
28/11/2025,636.08,648.05,635.5,647.95,11033198,11.87,1.87,META
01/12/2025,639.55,645.32,637.76,640.87,13029922,1.32,0.21,META
02/12/2025,642.34,647.87,638.07,647.1,11640869,4.76,0.74,META
03/12/2025,644.41,648.85,637.55,639.6,11134305,-4.81,-0.75,META
04/12/2025,676,676.1,660.05,661.53,29874622,-14.47,-2.14,META
05/12/2025,664,674.69,662.39,673.42,21207861,9.42,1.42,META
08/12/2025,669.34,676.71,665.07,666.8,12975065,-2.54,-0.38,META
09/12/2025,663.76,664.48,653.34,656.96,12156958,-6.8,-1.02,META
10/12/2025,649.95,654.51,643.4,650.13,16910883,0.18,0.03,META
11/12/2025,643.29,655.28,640.79,652.71,13056726,9.42,1.46,META
12/12/2025,649.8,711,638.61,644.23,14016915,-5.57,-0.86,META
15/12/2025,645.7,653,638.7,647.51,15549088,1.81,0.28,META
16/12/2025,643.5,662.54,643.2,657.15,14309136,13.65,2.12,META
17/12/2025,655.61,661.23,649.2,649.5,15598548,-6.11,-0.93,META
18/12/2025,657.02,670.56,656.46,664.45,20260295,7.43,1.13,META
19/12/2025,666.42,671,658.18,658.77,49977051,-7.65,-1.15,META
22/12/2025,661.64,673.58,656.65,661.5,15659385,-0.14,-0.02,META
23/12/2025,660.05,666,658.25,664.94,8486847,4.89,0.74,META
24/12/2025,662.53,668.18,662.2,667.55,5627512,5.02,0.76,META
26/12/2025,668.06,668.95,661.32,663.29,7133813,-4.77,-0.71,META
29/12/2025,658.01,660.25,654.39,658.69,8506477,0.68,0.1,META
30/12/2025,658.69,672.22,657.84,665.95,9187483,7.26,1.1,META
31/12/2025,664.75,665,659.44,660.09,7940359,-4.66,-0.7,META
02/01/2026,662.72,664.39,643.5,650.41,13726517,-12.31,-1.86,META
05/01/2026,651.01,664.54,647.75,658.79,12213745,7.78,1.2,META
06/01/2026,659.57,665.52,651.9,660.62,11074419,1.05,0.16,META
07/01/2026,655.64,659.15,644.81,648.69,12846273,-6.95,-1.06,META
08/01/2026,645.88,647.1,635.72,646.06,11921708,0.18,0.03,META
09/01/2026,645.43,654.95,642.85,653.06,11634944,7.63,1.18,META
12/01/2026,652.52,653.97,641.22,641.97,14797197,-10.55,-1.62,META
13/01/2026,642.27,642.27,624.1,631.09,18030395,-11.18,-1.74,META
14/01/2026,626.5,628.45,614.82,615.52,15527875,-10.98,-1.75,META
15/01/2026,618.48,624.17,614.23,620.8,13076058,2.32,0.38,META
16/01/2026,624.18,629.08,620.08,620.25,17012516,-3.93,-0.63,META
20/01/2026,607.88,611.4,600,604.12,15040799,-3.76,-0.62,META
21/01/2026,606.74,618.27,600.08,612.96,14494655,6.22,1.03,META
22/01/2026,629.35,660.57,626.55,647.63,21394669,18.28,2.9,META
23/01/2026,644.77,666.49,644.45,658.76,22797723,13.99,2.17,META
26/01/2026,665.12,675.28,661.29,672.36,16327378,7.24,1.09,META
27/01/2026,674.59,676.82,664.66,672.97,13148719,-1.62,-0.24,META
28/01/2026,674.5,677.68,666.1,668.73,25709600,-5.77,-0.86,META
29/01/2026,737.43,744,712.55,738.31,59852903,0.88,0.12,META
30/01/2026,727.5,732.17,713.59,716.5,23744573,-11,-1.51,META
02/02/2026,714.6,721.3,703.52,706.41,14365224,-8.19,-1.15,META
03/02/2026,707.37,717,686.41,691.7,13512258,-15.67,-2.22,META
04/02/2026,687.73,688.83,667.46,668.99,16882761,-18.74,-2.72,META
05/02/2026,663.58,681.5,653.5,670.21,17131791,6.63,1,META
06/02/2026,665.49,671.99,646.5,661.46,18159253,-4.03,-0.61,META
09/02/2026,663.18,683.31,658.78,677.22,14837529,14.04,2.12,META
10/02/2026,677.6,680.65,669.79,670.72,10455816,-6.88,-1.02,META
11/02/2026,674,679.27,657.1,668.69,14323818,-5.31,-0.79,META
12/02/2026,669.97,676,645.28,649.81,14960108,-20.16,-3.01,META
13/02/2026,645.1,651.43,634.57,639.77,12336363,-5.33,-0.83,META
17/02/2026,639.5,642.6,628.8,639.29,12674739,-0.21,-0.03,META
18/02/2026,633.8,645,628.14,643.22,14649196,9.42,1.49,META
19/02/2026,638.57,647.19,636.72,644.78,10035698,6.21,0.97,META
20/02/2026,639.68,663.35,638.78,655.66,14183512,15.98,2.5,META
23/02/2026,652.54,657.7,636,637.25,8605909,-15.29,-2.34,META
24/02/2026,633.08,641.11,628.98,639.3,10135647,6.22,0.98,META
25/02/2026,642.53,653.88,642.14,653.69,11330693,11.16,1.74,META
26/02/2026,650.55,661,647.5,657.01,10637736,6.46,0.99,META
27/02/2026,643.45,649.44,638.12,648.18,15703041,4.73,0.74,META
02/03/2026,637.16,659.94,634.5,653.56,9816125,16.4,2.57,META
03/03/2026,648.29,659.04,638.84,655.08,12263754,6.79,1.05,META
04/03/2026,657.96,672.77,657.67,667.73,10810054,9.77,1.48,META
05/03/2026,661.93,670.7,650.31,660.57,13341367,-1.36,-0.21,META
06/03/2026,647.9,649.47,636.11,644.86,13159356,-3.04,-0.47,META
09/03/2026,634.78,647.75,626.78,647.39,13489742,12.61,1.99,META
10/03/2026,653.56,660.3,649,654.07,9859250,0.51,0.08,META
11/03/2026,654.76,659.12,648.36,654.86,8977162,0.1,0.02,META
12/03/2026,648.75,653.5,636.9,638.18,11617485,-10.57,-1.63,META
13/03/2026,623.89,629.17,609.55,613.71,18957637,-10.18,-1.63,META
16/03/2026,632,634.75,623.1,627.45,15134852,-4.55,-0.72,META
17/03/2026,627.98,636.55,621.7,622.66,10348755,-5.32,-0.85,META
18/03/2026,616.34,622.65,614.61,615.68,11726301,-0.66,-0.11,META
19/03/2026,612.15,613,602.26,606.7,13247696,-5.45,-0.89,META
20/03/2026,603.53,603.96,587.25,593.66,21214898,-9.87,-1.64,META
23/03/2026,605.79,608.64,599.01,604.06,13637959,-1.73,-0.29,META
24/03/2026,599.1,601,591,592.92,10739742,-6.18,-1.03,META
25/03/2026,598.74,603.67,593.4,594.89,12585031,-3.85,-0.64,META
26/03/2026,582.49,583,543.35,547.54,35780131,-34.95,-6,META
27/03/2026,540.1,543.6,520.26,525.72,30133010,-14.38,-2.66,META
30/03/2026,536.38,539.55,528.54,536.38,22795203,0,0,META
31/03/2026,549.98,573.69,546.77,572.13,32898272,22.15,4.03,META
01/04/2026,580.13,592.55,573.82,579.23,23608128,-0.9,-0.16,META
02/04/2026,566.04,578.5,559.7,574.46,13518547,8.42,1.49,META
06/04/2026,577.69,582.79,572,573.02,9515651,-4.67,-0.81,META
07/04/2026,572.48,575.22,564.76,575.05,9580843,2.57,0.45,META
08/04/2026,606,629.95,591.83,612.42,32036638,6.42,1.06,META
09/04/2026,626.97,637.5,623,628.39,19012912,1.42,0.23,META
10/04/2026,634.47,638.58,624.33,629.86,13294844,-4.61,-0.73,META
13/04/2026,629.5,635,624.4,634.53,9538931,5.03,0.8,META
14/04/2026,643.22,666.26,639.37,662.49,17817956,19.27,3,META
15/04/2026,667,678.5,664.22,671.58,14952577,4.58,0.69,META
16/04/2026,675.99,677.58,667.75,676.87,9544835,0.88,0.13,META
17/04/2026,678.6,691.52,675.13,688.55,16283480,9.95,1.47,META
20/04/2026,681.36,683.38,668,670.91,12533951,-10.45,-1.53,META
21/04/2026,671,676.2,667.33,668.84,8660100,-2.16,-0.32,META
21/11/2025,478.5,478.92,468.27,472.12,31769248,-6.38,-1.33,MSFT
24/11/2025,475,476.9,468.02,474,34421046,-1,-0.21,MSFT
25/11/2025,474.07,479.15,464.89,476.99,28019793,2.92,0.62,MSFT
26/11/2025,486.31,488.31,481.2,485.5,25709079,-0.81,-0.17,MSFT
28/11/2025,487.6,492.63,486.65,492.01,14386730,4.41,0.9,MSFT
01/12/2025,488.44,489.86,484.65,486.74,23963993,-1.7,-0.35,MSFT
02/12/2025,486.72,493.5,486.32,490,19562722,3.28,0.67,MSFT
03/12/2025,476.32,484.24,475.2,477.73,34615102,1.41,0.3,MSFT
04/12/2025,479.76,481.32,476.49,480.84,22318155,1.08,0.23,MSFT
05/12/2025,482.52,483.4,478.88,483.16,22608710,0.64,0.13,MSFT
08/12/2025,484.88,492.3,484.38,491.02,20668450,6.14,1.27,MSFT
09/12/2025,489.1,492.12,488.5,492.02,14092776,2.92,0.6,MSFT
10/12/2025,484.03,484.25,475.08,478.56,35756229,-5.47,-1.13,MSFT
11/12/2025,476.63,486.03,475.86,483.47,24669180,6.84,1.44,MSFT
12/12/2025,479.82,482.45,476.34,478.53,21248102,-1.29,-0.27,MSFT
15/12/2025,480.1,480.72,472.52,474.82,23727694,-5.28,-1.1,MSFT
16/12/2025,471.9,477.89,470.88,476.39,20705560,4.49,0.95,MSFT
17/12/2025,476.9,480,475,476.12,24527176,-0.78,-0.16,MSFT
18/12/2025,478.19,489.6,477.89,483.98,28573545,5.79,1.21,MSFT
19/12/2025,487.36,487.85,482.49,485.92,70836105,-1.44,-0.3,MSFT
22/12/2025,486.12,488.73,482.69,484.92,16963019,-1.2,-0.25,MSFT
23/12/2025,484.98,487.83,484.74,486.85,14683582,1.87,0.39,MSFT
24/12/2025,485.68,489.16,484.83,488.02,5855880,2.34,0.48,MSFT
26/12/2025,486.7,488.12,485.96,487.71,8842175,1.01,0.21,MSFT
29/12/2025,484.86,488.35,484.18,487.1,10893408,2.24,0.46,MSFT
30/12/2025,485.93,489.68,485.5,487.48,13944512,1.55,0.32,MSFT
31/12/2025,487.84,488.14,483.3,483.62,15601554,-4.22,-0.87,MSFT
02/01/2026,484.38,484.66,470.16,472.94,25571567,-11.44,-2.36,MSFT
05/01/2026,474.06,476.07,469.5,472.85,25250260,-1.21,-0.26,MSFT
06/01/2026,473.8,478.74,469.75,478.51,23037665,4.71,0.99,MSFT
07/01/2026,479.76,489.7,477.95,483.47,25564196,3.71,0.77,MSFT
08/01/2026,481.24,482.66,475.86,478.11,18162616,-3.13,-0.65,MSFT
09/01/2026,474.06,479.82,472.2,479.28,18491036,5.22,1.1,MSFT
12/01/2026,476.67,480.99,475.68,477.18,23519895,0.51,0.11,MSFT
13/01/2026,474.68,475.78,465.95,470.67,28545800,-4.01,-0.84,MSFT
14/01/2026,466.46,468.2,457.17,459.38,28184302,-7.08,-1.52,MSFT
15/01/2026,464.12,464.25,455.9,456.66,23225839,-7.46,-1.61,MSFT
16/01/2026,457.83,463.19,456.48,459.86,34246650,2.03,0.44,MSFT
20/01/2026,451.22,456.8,449.28,454.52,25973898,3.3,0.73,MSFT
21/01/2026,452.6,452.69,438.68,444.11,37980510,-8.49,-1.88,MSFT
22/01/2026,447.62,452.84,444.7,451.14,25349378,3.52,0.79,MSFT
23/01/2026,451.87,471.1,450.53,465.95,38000159,14.08,3.12,MSFT
26/01/2026,465.3,474.25,462,470.28,29291235,4.98,1.07,MSFT
27/01/2026,473.7,482.87,473.16,480.58,29088664,6.88,1.45,MSFT
28/01/2026,483.21,483.74,478,481.63,36875403,-1.58,-0.33,MSFT
29/01/2026,439.99,442.5,421.02,433.5,128855323,-6.49,-1.48,MSFT
30/01/2026,439.17,439.6,426.45,430.29,58566819,-8.88,-2.02,MSFT
02/02/2026,430.24,430.74,422.25,423.37,42219858,-6.87,-1.6,MSFT
03/02/2026,422.01,422.05,408.56,411.21,60076532,-10.8,-2.56,MSFT
04/02/2026,411,419.8,409.24,414.19,45012374,3.19,0.78,MSFT
05/02/2026,407.44,408.3,392.32,393.67,66289247,-13.77,-3.38,MSFT
06/02/2026,399.16,401.79,392.92,401.14,53515311,1.98,0.5,MSFT
09/02/2026,404.85,414.89,400.87,413.6,45480526,8.75,2.16,MSFT
10/02/2026,419.62,423.68,412.7,413.27,44857850,-6.35,-1.51,MSFT
11/02/2026,416.18,416.46,401.01,404.37,42491012,-11.81,-2.84,MSFT
12/02/2026,405,406.2,398.01,401.84,40802362,-3.16,-0.78,MSFT
13/02/2026,404.45,405.54,398.05,401.32,34091553,-3.13,-0.77,MSFT
17/02/2026,399.22,400.52,394.52,396.86,32078794,-2.36,-0.59,MSFT
18/02/2026,398.13,402.56,396.32,399.6,23223417,1.47,0.37,MSFT
19/02/2026,400.69,404.43,396.67,398.46,28234001,-2.23,-0.56,MSFT
20/02/2026,396.11,400.12,395.16,397.23,34015249,1.12,0.28,MSFT
23/02/2026,395,395.36,383.1,384.47,43238273,-10.53,-2.67,MSFT
24/02/2026,384.14,389.36,381.71,389,33884653,4.86,1.27,MSFT
25/02/2026,390.52,401.47,390.16,400.6,43625483,10.08,2.58,MSFT
26/02/2026,404.71,407.49,398.74,401.72,34405869,-2.99,-0.74,MSFT
27/02/2026,390.88,396.82,389.88,392.74,51367196,1.86,0.48,MSFT
02/03/2026,392.86,401.19,390.63,398.55,35474907,5.69,1.45,MSFT
03/03/2026,393.14,406.7,392.67,403.93,38199209,10.79,2.74,MSFT
04/03/2026,401.26,411.03,400.31,405.2,35807990,3.94,0.98,MSFT
05/03/2026,404.42,411.61,404.4,410.68,39001315,6.26,1.55,MSFT
06/03/2026,409.2,413.05,408.51,408.96,31123859,-0.24,-0.06,MSFT
09/03/2026,404.92,410.21,403.5,409.41,30131854,4.49,1.11,MSFT
10/03/2026,410.03,410.2,402.93,405.76,31706375,-4.27,-1.04,MSFT
11/03/2026,405.57,409.01,401.59,404.88,25512139,-0.69,-0.17,MSFT
12/03/2026,404.63,406.12,401.71,401.86,27263886,-2.77,-0.68,MSFT
13/03/2026,401,404.8,394.25,395.55,26848000,-5.45,-1.36,MSFT
16/03/2026,398.07,400.63,394.79,399.95,27733721,1.88,0.47,MSFT
17/03/2026,400.27,404.4,397.74,399.41,26228279,-0.86,-0.21,MSFT
18/03/2026,397.12,398,391,391.79,25908484,-5.33,-1.34,MSFT
19/03/2026,390.1,392.49,387.06,389.02,25138772,-1.08,-0.28,MSFT
20/03/2026,386.79,387,380.12,381.87,50853154,-4.92,-1.27,MSFT
23/03/2026,383.9,387.21,381.68,383,29680059,-0.9,-0.23,MSFT
24/03/2026,382.36,382.47,371.85,372.74,42733625,-9.62,-2.52,MSFT
25/03/2026,376.92,377.06,369.63,371.04,31181163,-5.88,-1.56,MSFT
26/03/2026,370.82,374.72,365.19,365.97,36836574,-4.85,-1.31,MSFT
27/03/2026,361.9,362.45,356.51,356.77,37883400,-5.13,-1.42,MSFT
30/03/2026,361.9,365.36,356.28,358.96,44797002,-2.94,-0.81,MSFT
31/03/2026,364.55,372.9,363.07,370.17,45244365,5.62,1.54,MSFT
01/04/2026,373.49,373.99,368.2,369.37,29417206,-4.12,-1.1,MSFT
02/04/2026,367.2,373.64,364.15,373.46,24099067,6.26,1.7,MSFT
06/04/2026,373.49,373.73,369.5,372.88,16146572,-0.61,-0.16,MSFT
07/04/2026,370.34,372.45,366.56,372.29,21443349,1.95,0.53,MSFT
08/04/2026,384.98,385,371.41,374.33,33064818,-10.65,-2.77,MSFT
09/04/2026,372.5,373.5,367.05,373.07,30435297,0.57,0.15,MSFT
10/04/2026,372.98,375.64,370.03,370.87,28111128,-2.11,-0.57,MSFT
13/04/2026,373.6,384.54,371.02,384.37,35745781,10.77,2.88,MSFT
14/04/2026,387.92,394.69,386.52,393.11,37504486,5.19,1.34,MSFT
15/04/2026,398,414.37,396.73,411.22,45063389,13.22,3.32,MSFT
16/04/2026,419.86,420.82,412.14,420.26,41642361,0.4,0.1,MSFT
17/04/2026,424.82,431.58,420.69,422.79,48568190,-2.03,-0.48,MSFT
20/04/2026,421.14,423.33,416.3,418.07,27582237,-3.07,-0.73,MSFT
21/04/2026,420.24,427.18,417.2,424.16,32048495,3.92,0.93,MSFT
22/04/2026,426.18,433.7,423.67,432.92,29378173,6.74,1.58,MSFT
23/04/2026,419.88,423.66,411.41,415.75,38307959,-4.13,-0.98,MSFT
24/04/2026,416.97,424.95,415.8,424.62,27457404,7.65,1.83,MSFT
25/11/2025,414.42,420.48,405.95,419.4,71915624,4.98,1.2,TSLA
26/11/2025,423.95,426.94,416.89,426.58,63462996,2.63,0.62,TSLA
28/11/2025,426.59,432.93,426.2,430.17,36252861,3.58,0.84,TSLA
01/12/2025,425.32,433.66,425.29,430.14,57463552,4.82,1.13,TSLA
02/12/2025,430.81,436.8,422.12,429.24,69336626,-1.57,-0.36,TSLA
03/12/2025,432.1,447.92,431.11,446.74,87482964,14.64,3.39,TSLA
04/12/2025,449.94,454.63,445.39,454.53,71906488,4.59,1.02,TSLA
05/12/2025,453.03,458.87,451.66,455,56427522,1.97,0.43,TSLA
08/12/2025,447.44,449.75,435.25,439.58,68386756,-7.86,-1.76,TSLA
09/12/2025,437.54,452.39,435.7,445.17,62014951,7.63,1.74,TSLA
10/12/2025,446.06,456.88,443.61,451.45,63257475,5.39,1.21,TSLA
11/12/2025,448.94,449.27,440.33,446.89,55979492,-2.05,-0.46,TSLA
12/12/2025,448.09,463.01,441.67,458.96,95656749,10.87,2.43,TSLA
15/12/2025,469.44,481.77,467.66,475.31,114542204,5.87,1.25,TSLA
16/12/2025,472.21,491.5,465.83,489.88,107608075,17.67,3.74,TSLA
17/12/2025,488.22,495.28,466.2,467.26,106490405,-20.96,-4.29,TSLA
18/12/2025,478.16,490.86,473.12,483.37,95168446,5.21,1.09,TSLA
19/12/2025,488.12,490.49,474.72,481.2,103305424,-6.92,-1.42,TSLA
22/12/2025,489.88,498.83,485.33,488.73,86916066,-1.15,-0.23,TSLA
23/12/2025,489.4,491.97,482.84,485.56,58223633,-3.84,-0.78,TSLA
24/12/2025,488.48,490.9,476.8,485.4,41285429,-3.08,-0.63,TSLA
26/12/2025,485.23,489.09,473.82,475.19,58780659,-10.04,-2.07,TSLA
29/12/2025,469,469.4,459,459.64,66263033,-9.36,-2,TSLA
30/12/2025,461.09,463.12,453.83,454.43,59238464,-6.66,-1.44,TSLA
31/12/2025,456.1,456.55,449.3,449.72,49077961,-6.38,-1.4,TSLA
02/01/2026,457.8,458.34,435.3,438.07,85535406,-19.73,-4.31,TSLA
05/01/2026,447.99,457.55,444.57,451.67,67940839,3.68,0.82,TSLA
06/01/2026,446.38,448.25,428.78,432.96,89093758,-13.42,-3.01,TSLA
07/01/2026,435.9,438.37,431.29,431.41,59828790,-4.49,-1.03,TSLA
08/01/2026,427.89,436.89,424.36,435.8,57041094,7.91,1.85,TSLA
09/01/2026,435.94,449.05,430.39,445.01,67331456,9.07,2.08,TSLA
12/01/2026,441.22,454.3,438,448.96,61649627,7.74,1.75,TSLA
13/01/2026,450.2,451.81,443.95,447.2,53719214,-3,-0.67,TSLA
14/01/2026,442.81,443.91,434.22,439.2,57259500,-3.61,-0.82,TSLA
15/01/2026,441.12,445.36,437.65,438.57,49465813,-2.55,-0.58,TSLA
16/01/2026,439.5,447.25,435.26,437.5,60220551,-2,-0.46,TSLA
20/01/2026,429.36,430.72,417.44,419.25,62208186,-10.11,-2.35,TSLA
21/01/2026,421.66,438.2,419.62,431.44,68123987,9.78,2.32,TSLA
22/01/2026,435.16,449.5,432.63,449.36,71546729,14.2,3.26,TSLA
23/01/2026,447.42,452.43,444.04,449.06,56771364,1.64,0.37,TSLA
26/01/2026,445,445.04,434.28,435.2,49397415,-9.8,-2.2,TSLA
27/01/2026,437.41,437.52,430.69,430.9,37321502,-6.51,-1.49,TSLA
28/01/2026,431.91,438.26,430.1,431.46,54857403,-0.45,-0.1,TSLA
29/01/2026,437.8,440.23,414.62,416.56,81686127,-21.24,-4.85,TSLA
30/01/2026,425.35,439.88,422.7,430.41,82626066,5.06,1.19,TSLA
02/02/2026,421.29,427.15,414.5,421.81,58739455,0.52,0.12,TSLA
03/02/2026,424.27,428.56,413.69,421.96,56269638,-2.31,-0.54,TSLA
04/02/2026,420.46,423.9,399.18,406.01,74606873,-14.45,-3.44,TSLA
05/02/2026,397.02,402.1,387.53,397.21,72819838,0.19,0.05,TSLA
06/02/2026,400.87,414.55,397.75,411.11,62677144,10.24,2.55,TSLA
09/02/2026,409.9,421.25,407.29,417.32,54484258,7.42,1.81,TSLA
10/02/2026,418.08,427.25,417,425.21,64450233,7.13,1.71,TSLA
11/02/2026,427.96,436.35,420.03,428.27,57361989,0.31,0.07,TSLA
12/02/2026,430.3,436.23,414,417.07,61933359,-13.23,-3.07,TSLA
13/02/2026,414.3,424.06,410.88,417.44,51434147,3.14,0.76,TSLA
17/02/2026,412.36,413.72,400.51,410.63,59678789,-1.73,-0.42,TSLA
18/02/2026,411.11,416.9,409.58,411.32,45921402,0.21,0.05,TSLA
19/02/2026,407.25,415.25,404.11,411.71,51019638,4.46,1.1,TSLA
20/02/2026,408.3,414.7,405.5,411.82,57912225,3.52,0.86,TSLA
23/02/2026,407.28,407.7,394.04,399.83,69680026,-7.45,-1.83,TSLA
24/02/2026,399.5,410.82,397.64,409.38,58579482,9.88,2.47,TSLA
25/02/2026,412.15,420.34,412.15,417.4,54809704,5.25,1.27,TSLA
26/02/2026,414.42,416.81,403.66,408.58,53602497,-5.84,-1.41,TSLA
27/02/2026,402.94,407.12,398.11,402.51,56890097,-0.43,-0.11,TSLA
02/03/2026,390.6,404.54,388.25,403.32,55088338,12.72,3.26,TSLA
03/03/2026,395.09,396.34,385.39,392.43,62617298,-2.66,-0.67,TSLA
04/03/2026,397.84,408.33,394.58,405.94,68305513,8.1,2.04,TSLA
05/03/2026,401.57,408.62,399.42,405.55,51925898,3.98,0.99,TSLA
06/03/2026,398.09,402.35,394.21,396.73,64054561,-1.36,-0.34,TSLA
09/03/2026,390.05,401.59,381.4,398.68,67018911,8.63,2.21,TSLA
10/03/2026,402.22,406.59,398.19,399.24,59258743,-2.98,-0.74,TSLA
11/03/2026,402.28,416.38,402.15,407.82,62559930,5.54,1.38,TSLA
12/03/2026,405.18,406.5,394.65,395.01,60973793,-10.17,-2.51,TSLA
13/03/2026,399.16,400.2,389.95,391.2,58504091,-7.96,-1.99,TSLA
16/03/2026,396.22,403.73,394.42,395.56,58068343,-0.66,-0.17,TSLA
17/03/2026,395.69,400.12,393,399.27,46890467,3.58,0.9,TSLA
18/03/2026,399,403.06,392.31,392.78,50853149,-6.22,-1.56,TSLA
19/03/2026,387.27,387.27,378.73,380.3,67078259,-6.97,-1.8,TSLA
20/03/2026,379.85,379.89,364.46,367.96,78628603,-11.89,-3.13,TSLA
23/03/2026,373.09,385.33,372.73,380.85,74606049,7.76,2.08,TSLA
24/03/2026,376.56,387.48,376.31,383.03,60004909,6.47,1.72,TSLA
25/03/2026,389.99,396.23,385.01,385.95,55157265,-4.04,-1.04,TSLA
26/03/2026,381.6,384.44,371.87,372.11,55522879,-9.49,-2.49,TSLA
27/03/2026,369.69,369.86,359.47,361.83,62065659,-7.86,-2.13,TSLA
30/03/2026,365.86,367.29,352.14,355.28,67954405,-10.58,-2.89,TSLA
31/03/2026,361.51,373.33,361,371.75,75534934,10.24,2.83,TSLA
01/04/2026,378.63,383.14,374.08,381.26,58683752,2.63,0.69,TSLA
02/04/2026,364.2,370.28,359.03,360.59,83031226,-3.61,-0.99,TSLA
06/04/2026,362.59,367.72,346.64,352.82,77697643,-9.77,-2.69,TSLA
07/04/2026,346.44,348.02,337.24,346.65,74515355,0.21,0.06,TSLA
08/04/2026,363.79,364.5,339.67,343.25,78838616,-20.54,-5.65,TSLA
09/04/2026,343.15,348.88,337.25,345.62,62164016,2.47,0.72,TSLA
10/04/2026,346.28,350.36,342.74,348.95,51336034,2.67,0.77,TSLA
13/04/2026,350.06,356.35,348.57,352.42,53617477,2.36,0.67,TSLA
14/04/2026,357.67,367.63,354.77,364.2,59979607,6.53,1.83,TSLA
15/04/2026,366.83,394.65,362.5,391.95,113810355,25.12,6.85,TSLA
16/04/2026,393.81,394.06,381.8,388.9,63515136,-4.91,-1.25,TSLA
17/04/2026,395.92,409.28,391.65,400.62,90640032,4.7,1.19,TSLA
20/04/2026,402.58,406.8,388.33,392.5,64603868,-10.08,-2.5,TSLA
21/04/2026,393,393.95,385.22,386.42,50530611,-6.58,-1.67,TSLA
